trip_area,latitude,longitude,name
1,37.70832932,-122.4153304,TAZ981999
2,37.70820237,-122.4689439,TAZ981999 2
3,37.70967836,-122.4239712,TAZ981999 3
4,37.71032204,-122.460482,TAZ981999 4
5,37.70833162,-122.4197191,TAZ981999 5
6,37.70832739,-122.4082994,TAZ981999 6
7,37.7110132,-122.4209526,TAZ981999 7
8,37.71063675,-122.4369779,TAZ981999 8
9,37.71069655,-122.4551584,TAZ981999 9
10,37.71137285,-122.462064,TAZ981999 10
11,37.7112027,-122.4436851,TAZ981999 11
12,37.71396108,-122.4210962,TAZ981999 12
13,37.71007389,-122.4489303,TAZ981999 13
14,37.71085987,-122.4375871,TAZ981999 14
15,37.71119026,-122.407014,TAZ981999 15
16,37.70819724,-122.4708316,TAZ981999 16
17,37.71165512,-122.4150807,TAZ981999 17
18,37.71195215,-122.4097288,TAZ981999 18
19,37.71168931,-122.4440972,TAZ981999 19
20,37.7140297,-122.4625888,TAZ981999 20
21,37.71438705,-122.432838,TAZ981999 21
22,37.71188647,-122.4455287,TAZ981999 22
23,37.71728135,-122.4053099,TAZ981999 23
24,37.71269333,-122.471141,TAZ981999 24
25,37.71428701,-122.4652997,TAZ981999 25
26,37.71737565,-122.452642,TAZ981999 26
27,37.71216967,-122.4023556,TAZ981999 27
28,37.71106761,-122.4556211,TAZ981999 28
29,37.71823531,-122.4561071,TAZ981999 29
30,37.71892825,-122.4040501,TAZ981999 30
31,37.71742501,-122.4805358,TAZ981999 31
32,37.7145671,-122.4426613,TAZ981999 32
33,37.71659369,-122.4311543,TAZ981999 33
34,37.7195729,-122.4797544,TAZ981999 34
35,37.71968553,-122.4516462,TAZ981999 35
36,37.72102308,-122.4030335,TAZ981999 36
37,37.71856057,-122.4263901,TAZ981999 37
38,37.72021725,-122.4454286,TAZ981999 38
39,37.71850787,-122.4351566,TAZ981999 39
40,37.71821941,-122.4622447,TAZ981999 40
41,37.72183765,-122.4592036,TAZ981999 41
42,37.72166583,-122.4665893,TAZ981999 42
43,37.72296116,-122.4495587,TAZ981999 43
44,37.71972985,-122.3991256,TAZ981999 44
45,37.72296116,-122.4495587,TAZ981999 45
46,37.72348092,-122.439851,TAZ981999 46
47,37.72243521,-122.4256501,TAZ981999 47
48,37.72378789,-122.4364492,TAZ981999 48
49,37.71948253,-122.4089454,TAZ981999 49
50,37.72085544,-122.4312045,TAZ981999 50
51,37.7212775,-122.4020561,TAZ981999 51
52,37.71857086,-122.4847783,TAZ981999 52
53,37.72324309,-122.4531022,TAZ981999 53
54,37.7245333,-122.4592124,TAZ981999 54
55,37.72316821,-122.4425542,TAZ981999 55
56,37.72390941,-122.4353854,TAZ981999 56
57,37.72552849,-122.401475,TAZ981999 57
58,37.72731082,-122.4317665,TAZ981999 58
59,37.72658151,-122.4656438,TAZ981999 59
60,37.72470951,-122.4198748,TAZ981999 60
61,37.72216978,-122.424861,TAZ981999 61
62,37.72854717,-122.430391,TAZ981999 62
63,37.72419414,-122.406554,TAZ981999 63
64,37.72891936,-122.416174,TAZ981999 64
65,37.72827496,-122.4465595,TAZ981999 65
66,37.72658837,-122.4333576,TAZ981999 66
67,37.7280515,-122.3821254,TAZ981999 67
68,37.72829365,-122.387551,TAZ981999 68
69,37.73088154,-122.4261439,TAZ981999 69
70,37.72797212,-122.4124905,TAZ981999 70
71,37.72880195,-122.4427052,TAZ981999 71
72,37.73116865,-122.4261618,TAZ981999 72
73,37.73154902,-122.4465778,TAZ981999 73
74,37.73016679,-122.385852,TAZ981999 74
75,37.7325983,-122.4134206,TAZ981999 75
76,37.73064202,-122.3921466,TAZ981999 76
77,37.73264967,-122.4319658,TAZ981999 77
78,37.73322864,-122.4328421,TAZ981999 78
79,37.72737418,-122.4045933,TAZ981999 79
80,37.73121245,-122.4288364,TAZ981999 80
81,37.73137616,-122.4982305,TAZ981999 81
82,37.73448793,-122.4576849,TAZ981999 82
83,37.72955062,-122.4933964,TAZ981999 83
84,37.73059142,-122.4861767,TAZ981999 84
85,37.73446244,-122.481149,TAZ981999 85
86,37.73462543,-122.4751021,TAZ981999 86
87,37.73577701,-122.4201642,TAZ981999 87
88,37.73626929,-122.4265447,TAZ981999 88
89,37.72858437,-122.4013941,TAZ981999 89
90,37.73755081,-122.4251114,TAZ981999 90
91,37.73634663,-122.4620385,TAZ981999 91
92,37.73348705,-122.4062113,TAZ981999 92
93,37.73430104,-122.4991808,TAZ981999 93
94,37.73541264,-122.4277383,TAZ981999 94
95,37.73807317,-122.4481478,TAZ981999 95
96,37.73893258,-122.4151835,TAZ981999 96
97,37.73860127,-122.439803,TAZ981999 97
98,37.73894932,-122.4158014,TAZ981999 98
99,37.73547357,-122.5057116,TAZ981999 99
100,37.73699954,-122.4122386,TAZ981999 100
101,37.74019934,-122.4303496,TAZ981999 101
102,37.73929754,-122.4185845,TAZ981999 102
103,37.73987111,-122.4591827,TAZ981999 103
104,37.74221366,-122.4232449,TAZ981999 104
105,37.74078888,-122.4183463,TAZ981999 105
106,37.73517408,-122.50097,TAZ981999 106
107,37.74188981,-122.4299473,TAZ981999 107
108,37.74174998,-122.4209793,TAZ981999 108
109,37.73942431,-122.4657224,TAZ981999 109
110,37.73805093,-122.5043595,TAZ981999 110
111,37.73814506,-122.5022157,TAZ981999 111
112,37.74023845,-122.4969848,TAZ981999 112
113,37.74289719,-122.4265938,TAZ981999 113
114,37.74560159,-122.408826,TAZ981999 114
115,37.74314327,-122.4735539,TAZ981999 115
116,37.74166331,-122.4184173,TAZ981999 116
117,37.74421312,-122.4505867,TAZ981999 117
118,37.74535599,-122.4610466,TAZ981999 118
119,37.74394195,-122.4226687,TAZ981999 119
120,37.7452984,-122.4268221,TAZ981999 120
121,37.74501176,-122.4736848,TAZ981999 121
122,37.74728666,-122.4591741,TAZ981999 122
123,37.74637676,-122.4223114,TAZ981999 123
124,37.74677486,-122.4191218,TAZ981999 124
125,37.74688118,-122.411609,TAZ981999 125
126,37.74866027,-122.4070884,TAZ981999 126
127,37.74756441,-122.4292696,TAZ981999 127
128,37.74784223,-122.4245841,TAZ981999 128
129,37.74860527,-122.4180932,TAZ981999 129
130,37.74917228,-122.4159543,TAZ981999 130
131,37.74373743,-122.5026086,TAZ981999 131
132,37.74200735,-122.4992618,TAZ981999 132
133,37.74823044,-122.4149181,TAZ981999 133
134,37.74831652,-122.4105459,TAZ981999 134
135,37.74840499,-122.4078827,TAZ981999 135
136,37.74486933,-122.4768965,TAZ981999 136
137,37.75049467,-122.4340057,TAZ981999 137
138,37.74836252,-122.4293457,TAZ981999 138
139,37.75009672,-122.4272769,TAZ981999 139
140,37.74871064,-122.4236777,TAZ981999 140
141,37.74943607,-122.4115935,TAZ981999 141
142,37.75275983,-122.4364535,TAZ981999 142
143,37.75170447,-122.427438,TAZ981999 143
144,37.75191123,-122.4239889,TAZ981999 144
145,37.75278751,-122.4680307,TAZ981999 145
146,37.75083708,-122.4150147,TAZ981999 146
147,37.75157061,-122.429659,TAZ981999 147
148,37.7492094,-122.4048106,TAZ981999 148
149,37.7511451,-122.4099146,TAZ981999 149
150,37.75131022,-122.4071391,TAZ981999 150
151,37.75377423,-122.4555378,TAZ981999 151
152,37.75479992,-122.3969429,TAZ981999 152
153,37.75105221,-122.5063484,TAZ981999 153
154,37.75413961,-122.4495673,TAZ981999 154
155,37.74942458,-122.5008574,TAZ981999 155
156,37.75350343,-122.4241357,TAZ981999 156
157,37.75057277,-122.4193998,TAZ981999 157
158,37.75070539,-122.4172012,TAZ981999 158
159,37.7554979,-122.4382046,TAZ981999 159
160,37.7529166,-122.5064766,TAZ981999 160
161,37.75289097,-122.4342393,TAZ981999 161
162,37.75395677,-122.4298836,TAZ981999 162
163,37.75315397,-122.5011187,TAZ981999 163
164,37.75322493,-122.4286952,TAZ981999 164
165,37.75510581,-122.4242896,TAZ981999 165
166,37.75472796,-122.3989806,TAZ981999 166
167,37.75661204,-122.4450254,TAZ981999 167
168,37.7504632,-122.477284,TAZ981999 168
169,37.75244795,-122.4747403,TAZ981999 169
170,37.75409869,-122.4142338,TAZ981999 170
171,37.75434031,-122.4102199,TAZ981999 171
172,37.75478373,-122.5066048,TAZ981999 172
173,37.75626006,-122.4317702,TAZ981999 173
174,37.75505307,-122.5001734,TAZ981999 174
175,37.75544609,-122.4916053,TAZ981999 175
176,37.75543722,-122.418747,TAZ981999 176
177,37.75885565,-122.4463954,TAZ981999 177
178,37.75904133,-122.440591,TAZ981999 178
179,37.75909243,-122.4381116,TAZ981999 179
180,37.75629882,-122.4467765,TAZ981999 180
181,37.75702013,-122.4324076,TAZ981999 181
182,37.75664601,-122.5067365,TAZ981999 182
183,37.756702,-122.4244434,TAZ981999 183
184,37.75692908,-122.5003052,TAZ981999 184
185,37.75696863,-122.4200113,TAZ981999 185
186,37.75753892,-122.410527,TAZ981999 186
187,37.7573533,-122.4906635,TAZ981999 187
188,37.75729798,-122.4145412,TAZ981999 188
189,37.75616556,-122.4033057,TAZ981999 189
190,37.76088921,-122.4350012,TAZ981999 190
191,37.76196745,-122.4171787,TAZ981999 191
192,37.75846605,-122.5079361,TAZ981999 192
193,37.7587941,-122.5004367,TAZ981999 193
194,37.75535075,-122.4937513,TAZ981999 194
195,37.76001275,-122.4463981,TAZ981999 195
196,37.76157548,-122.4445429,TAZ981999 196
197,37.76002553,-122.396284,TAZ981999 197
198,37.75921764,-122.4907947,TAZ981999 198
199,37.76193732,-122.4394626,TAZ981999 199
200,37.7599275,-122.4747246,TAZ981999 200
201,37.76270325,-122.4315451,TAZ981999 201
202,37.76075777,-122.4371914,TAZ981999 202
203,37.7602174,-122.4681912,TAZ981999 203
204,37.75996747,-122.4236405,TAZ981999 204
205,37.76178894,-122.420129,TAZ981999 205
206,37.76032969,-122.5080677,TAZ981999 206
207,37.76066121,-122.5005666,TAZ981999 207
208,37.76108685,-122.4909227,TAZ981999 208
209,37.76070952,-122.4068821,TAZ981999 209
210,37.76156088,-122.4505803,TAZ981999 210
211,37.76179393,-122.4748556,TAZ981999 211
212,37.76275237,-122.4307263,TAZ981999 212
213,37.76208108,-122.4683219,TAZ981999 213
214,37.76524746,-122.3948291,TAZ981999 214
215,37.75870769,-122.4632657,TAZ981999 215
216,37.76219058,-122.5081994,TAZ981999 216
217,37.76331522,-122.4436957,TAZ981999 217
218,37.76252212,-122.500698,TAZ981999 218
219,37.75905192,-122.4945444,TAZ981999 219
220,37.76294776,-122.4910539,TAZ981999 220
221,37.76322152,-122.4230743,TAZ981999 221
222,37.76365557,-122.4749847,TAZ981999 222
223,37.76657046,-122.4215312,TAZ981999 223
224,37.76394273,-122.4684508,TAZ981999 224
225,37.7642249,-122.4620309,TAZ981999 225
226,37.76348238,-122.4578279,TAZ981999 226
227,37.76616558,-122.4545924,TAZ981999 227
228,37.76402668,-122.4496001,TAZ981999 228
229,37.76614499,-122.4430033,TAZ981999 229
230,37.76511737,-122.4185784,TAZ981999 230
231,37.76464537,-122.426381,TAZ981999 231
232,37.76914104,-122.4245113,TAZ981999 232
233,37.76580009,-122.4499581,TAZ981999 233
234,37.76904339,-122.4375563,TAZ981999 234
235,37.76722051,-122.4463689,TAZ981999 235
236,37.76999636,-122.4201526,TAZ981999 236
237,37.76886482,-122.4483896,TAZ981999 237
238,37.76911391,-122.4348936,TAZ981999 238
239,37.77091802,-122.4285197,TAZ981999 239
240,37.7712987,-122.4518708,TAZ981999 240
241,37.76979772,-122.4485785,TAZ981999 241
242,37.76914104,-122.4245113,TAZ981999 242
243,37.76960268,-122.4263089,TAZ981999 243
244,37.77046976,-122.4433119,TAZ981999 244
245,37.77126719,-122.437045,TAZ981999 245
246,37.77075532,-122.433547,TAZ981999 246
247,37.77393168,-122.4311449,TAZ981999 247
248,37.77163806,-122.4237075,TAZ981999 248
249,37.77413252,-122.4257948,TAZ981999 249
250,37.77215306,-122.4933164,TAZ981999 250
251,37.77245603,-122.4866785,TAZ981999 251
252,37.77331538,-122.4509738,TAZ981999 252
253,37.77274092,-122.4478805,TAZ981999 253
254,37.77321208,-122.444216,TAZ981999 254
255,37.77438821,-122.4275456,TAZ981999 255
256,37.77363513,-122.4409222,TAZ981999 256
257,37.77198277,-122.4970476,TAZ981999 257
258,37.7731337,-122.4374225,TAZ981999 258
259,37.77485976,-122.4238601,TAZ981999 259
260,37.77433848,-122.4864693,TAZ981999 260
261,37.77271608,-122.4809789,TAZ981999 261
262,37.77689231,-122.4715055,TAZ981999 262
263,37.77339801,-122.4658827,TAZ981999 263
264,37.7737786,-122.4625359,TAZ981999 264
265,37.77393168,-122.4311449,TAZ981999 265
266,37.77455483,-122.4562839,TAZ981999 266
267,37.77646454,-122.4262636,TAZ981999 267
268,37.77481088,-122.4242464,TAZ981999 268
269,37.77340729,-122.5068208,TAZ981999 269
270,37.77355466,-122.503608,TAZ981999 270
271,37.77375109,-122.4993186,TAZ981999 271
272,37.77829967,-122.441866,TAZ981999 272
273,37.77777379,-122.4931679,TAZ981999 273
274,37.77620345,-122.4866039,TAZ981999 274
275,37.77622617,-122.4431321,TAZ981999 275
276,37.77517371,-122.4681584,TAZ981999 276
277,37.77935444,-122.4335961,TAZ981999 277
278,37.77976526,-122.4378948,TAZ981999 278
279,37.77757969,-122.4974542,TAZ981999 279
280,37.77806845,-122.4867369,TAZ981999 280
281,37.7790465,-122.4284988,TAZ981999 281
282,37.77649773,-122.4801747,TAZ981999 282
283,37.77842221,-122.4334074,TAZ981999 283
284,37.77694115,-122.4704322,TAZ981999 284
285,37.77718519,-122.4650693,TAZ981999 285
286,37.77779495,-122.4159261,TAZ981999 286
287,37.7773319,-122.4618684,TAZ981999 287
288,37.77682508,-122.4567452,TAZ981999 288
289,37.77782712,-122.4533851,TAZ981999 289
290,37.7804963,-122.4321411,TAZ981999 290
291,37.77714129,-122.507093,TAZ981999 291
292,37.77874736,-122.4233534,TAZ981999 292
293,37.77728728,-122.50388,TAZ981999 293
294,37.77748236,-122.4995904,TAZ981999 294
295,37.77955059,-122.4965243,TAZ981999 295
296,37.78068954,-122.4122439,TAZ981999 296
297,37.78047591,-122.4761691,TAZ981999 297
298,37.78072308,-122.470716,TAZ981999 298
299,37.78237924,-122.4173388,TAZ981999 299
300,37.78258523,-122.4156932,TAZ981999 300
301,37.78100927,-122.4356171,TAZ981999 301
302,37.78186361,-122.4138662,TAZ981999 302
303,37.78164556,-122.4306101,TAZ981999 303
304,37.78321458,-122.4107653,TAZ981999 304
305,37.693499,-123.002734,TAZ981999 305
306,37.78240607,-122.476307,TAZ981999 306
307,37.78265268,-122.4708468,TAZ981999 307
308,37.78461289,-122.4147781,TAZ981999 308
309,37.78479187,-122.4645506,TAZ981999 309
310,37.78330881,-122.4394808,TAZ981999 310
311,37.78267769,-122.444443,TAZ981999 311
312,37.78313682,-122.4601372,TAZ981999 312
313,37.788128,-122.332281,TAZ981999 313
314,37.78202524,-122.4848734,TAZ981999 314
315,37.7860315,-122.4787139,TAZ981999 315
316,37.78427115,-122.4764363,TAZ981999 316
317,37.78681728,-122.4502244,TAZ981999 317
318,37.78521903,-122.4212938,TAZ981999 318
319,37.78703794,-122.4182707,TAZ981999 319
320,37.78727499,-122.4351989,TAZ981999 320
321,37.78890079,-122.4338827,TAZ981999 321
322,37.787966,-122.4184643,TAZ981999 322
323,37.78596394,-122.4569635,TAZ981999 323
324,37.78855592,-122.4648354,TAZ981999 324
325,37.78953377,-122.4289045,TAZ981999 325
326,37.78713078,-122.4250468,TAZ981999 326
327,37.78871788,-122.4201573,TAZ981999 327
328,37.78752072,-122.4593236,TAZ981999 328
329,37.78764728,-122.4437528,TAZ981999 329
330,37.7875484,-122.4217573,TAZ981999 330
331,37.78797701,-122.4486557,TAZ981999 331
332,37.7897399,-122.4120755,TAZ981999 332
333,37.79015923,-122.4087858,TAZ981999 333
334,37.7898298,-122.418843,TAZ981999 334
335,37.78966326,-122.4424764,TAZ981999 335
336,37.79179967,-122.4327398,TAZ981999 336
337,37.7897271,-122.4490115,TAZ981999 337
338,37.78848765,-122.4371291,TAZ981999 338
339,37.79078808,-122.4190357,TAZ981999 339
340,37.79309846,-122.4296253,TAZ981999 340
341,37.79397079,-122.4156737,TAZ981999 341
342,37.79128902,-122.4225152,TAZ981999 342
343,37.79414401,-122.4214036,TAZ981999 343
344,37.79343254,-122.41283,TAZ981999 344
345,37.79567033,-122.4166522,TAZ981999 345
346,37.79214107,-122.4083643,TAZ981999 346
347,37.79288899,-122.4312624,TAZ981999 347
348,37.794029,-122.4152182,TAZ981999 348
349,37.79574088,-122.4385922,TAZ981999 349
350,37.7935169,-122.4263356,TAZ981999 350
351,37.79523782,-122.4199364,TAZ981999 351
352,37.79463096,-122.4105381,TAZ981999 352
353,37.79393519,-122.4230493,TAZ981999 353
354,37.79591039,-122.4075646,TAZ981999 354
355,37.79587699,-122.4150063,TAZ981999 355
356,37.79510811,-122.4435743,TAZ981999 356
357,37.79644299,-122.4105103,TAZ981999 357
358,37.79629673,-122.4184615,TAZ981999 358
359,37.79543492,-122.4334696,TAZ981999 359
360,37.79585341,-122.4301833,TAZ981999 360
361,37.7969022,-122.4135303,TAZ981999 361
362,37.79725056,-122.4040577,TAZ981999 362
363,37.79627256,-122.4268935,TAZ981999 363
364,37.79717623,-122.4112838,TAZ981999 364
365,37.79879046,-122.444318,TAZ981999 365
366,37.79669095,-122.4236019,TAZ981999 366
367,37.79689968,-122.4219612,TAZ981999 367
368,37.79813379,-122.4198919,TAZ981999 368
369,37.79997803,-122.4428467,TAZ981999 369
370,37.80025982,-122.432761,TAZ981999 370
371,37.80028972,-122.4142131,TAZ981999 371
372,37.79921845,-122.403691,TAZ981999 372
373,37.80063818,-122.4075839,TAZ981999 373
374,37.79887205,-122.4064291,TAZ981999 374
375,37.80143001,-122.4127539,TAZ981999 375
376,37.79920229,-122.4114398,TAZ981999 376
377,37.80178729,-122.4466104,TAZ981999 377
378,37.80010623,-122.426787,TAZ981999 378
379,37.80090818,-122.4430354,TAZ981999 379
380,37.80165371,-122.4296677,TAZ981999 380
381,37.80210068,-122.4112029,TAZ981999 381
382,37.80142607,-122.4089284,TAZ981999 382
383,37.80207215,-122.4263776,TAZ981999 383
384,37.82830695,-122.4255035,TAZ981999 384
385,37.862126,-122.418682,TAZ981999 385
386,37.72871034,-122.356966,TAZ981999 386
387,37.72778547,-122.3799917,TAZ981999 387
388,37.72704402,-122.3886726,TAZ981999 388
389,37.73041131,-122.3912899,TAZ981999 389
390,37.73307698,-122.4466005,TAZ981999 390
391,37.73310368,-122.4409029,TAZ981999 391
392,37.7331185,-122.465732,TAZ981999 392
393,37.72879149,-122.4627988,TAZ981999 393
394,37.73467753,-122.4723606,TAZ981999 394
395,37.72978453,-122.4718658,TAZ981999 395
396,37.73478648,-122.4696863,TAZ981999 396
397,37.73315303,-122.4656585,TAZ981999 397
398,37.73291804,-122.3946775,TAZ981999 398
399,37.73084039,-122.3961255,TAZ981999 399
400,37.72497854,-122.5030974,TAZ981999 400
401,37.72444601,-122.5030744,TAZ981999 401
402,37.70814871,-122.4856393,TAZ981999 402
403,37.7360899,-122.430791,TAZ981999 403
404,37.73688501,-122.4340026,TAZ981999 404
405,37.7385464,-122.4594297,TAZ981999 405
406,37.7340139,-122.3909682,TAZ981999 406
407,37.73639014,-122.390145,TAZ981999 407
408,37.73990179,-122.3996861,TAZ981999 408
409,37.73927955,-122.4002426,TAZ981999 409
410,37.73776986,-122.3817956,TAZ981999 410
411,37.7332572,-122.3851574,TAZ981999 411
412,37.73537483,-122.4091409,TAZ981999 412
413,37.73546709,-122.4097832,TAZ981999 413
414,37.73469855,-122.4912793,TAZ981999 414
415,37.73503398,-122.4867468,TAZ981999 415
416,37.73885252,-122.4861415,TAZ981999 416
417,37.73731296,-122.478501,TAZ981999 417
418,37.73689304,-122.4868657,TAZ981999 418
419,37.73904137,-122.4818591,TAZ981999 419
420,37.73584484,-122.4630768,TAZ981999 420
421,37.73547347,-122.4644885,TAZ981999 421
422,37.73837956,-122.4968553,TAZ981999 422
423,37.73646439,-122.4977983,TAZ981999 423
424,37.73851938,-122.4936681,TAZ981999 424
425,37.73880484,-122.4872177,TAZ981999 425
426,37.73899445,-122.4829336,TAZ981999 426
427,37.73918331,-122.4786442,TAZ981999 427
428,37.73417042,-122.3879095,TAZ981999 428
429,37.73773071,-122.3875278,TAZ981999 429
430,37.73467753,-122.4723606,TAZ981999 430
431,37.73796975,-122.4690564,TAZ981999 431
432,37.73897239,-122.4134101,TAZ981999 432
433,37.74138094,-122.4107325,TAZ981999 433
434,37.74042696,-122.4927058,TAZ981999 434
435,37.74066373,-122.487347,TAZ981999 435
436,37.74284688,-122.452431,TAZ981999 436
437,37.74325732,-122.4497902,TAZ981999 437
438,37.74085267,-122.4830627,TAZ981999 438
439,37.74104287,-122.478775,TAZ981999 439
440,37.74128302,-122.4734232,TAZ981999 440
441,37.73941864,-122.4732924,TAZ981999 441
442,37.7435552,-122.4660427,TAZ981999 442
443,37.73199668,-122.3757577,TAZ981999 443
444,37.73671231,-122.3774038,TAZ981999 444
445,37.7373988,-122.3793356,TAZ981999 445
446,37.73518609,-122.3760007,TAZ981999 446
447,37.74510351,-122.4156937,TAZ981999 447
448,37.74215683,-122.4152234,TAZ981999 448
449,37.74226605,-122.4935179,TAZ981999 449
450,37.74248464,-122.4885476,TAZ981999 450
451,37.74267292,-122.4842632,TAZ981999 451
452,37.74286177,-122.4799771,TAZ981999 452
453,37.74504534,-122.4149208,TAZ981999 453
454,37.74691997,-122.4109692,TAZ981999 454
455,37.74313266,-122.4368201,TAZ981999 455
456,37.74317474,-122.4333793,TAZ981999 456
457,37.74306503,-122.4495828,TAZ981999 457
458,37.74416254,-122.4929668,TAZ981999 458
459,37.74439869,-122.487606,TAZ981999 459
460,37.74500536,-122.4313825,TAZ981999 460
461,37.74500536,-122.4313825,TAZ981999 461
462,37.74866421,-122.438246,TAZ981999 462
463,37.74697226,-122.440281,TAZ981999 463
464,37.74232743,-122.4074228,TAZ981999 464
465,37.74264365,-122.405443,TAZ981999 465
466,37.7486689,-122.4036239,TAZ981999 466
467,37.73814382,-122.4068669,TAZ981999 467
468,37.74602278,-122.493098,TAZ981999 468
469,37.74625963,-122.4877354,TAZ981999 469
470,37.74477574,-122.4790353,TAZ981999 470
471,37.74458694,-122.4833215,TAZ981999 471
472,37.74359553,-122.5058236,TAZ981999 472
473,37.74167277,-122.5068648,TAZ981999 473
474,37.73545431,-122.5080621,TAZ981999 474
475,37.74788852,-122.4932276,TAZ981999 475
476,37.74812536,-122.4878666,TAZ981999 476
477,37.74936508,-122.4393904,TAZ981999 477
478,37.74796307,-122.4359895,TAZ981999 478
479,37.74885202,-122.4706888,TAZ981999 479
480,37.74716581,-122.466882,TAZ981999 480
481,37.74731593,-122.4644696,TAZ981999 481
482,37.74675642,-122.4628513,TAZ981999 482
483,37.74968445,-122.3972862,TAZ981999 483
484,37.73849949,-122.4050237,TAZ981999 484
485,37.74126229,-122.3987852,TAZ981999 485
486,37.74939664,-122.4020616,TAZ981999 486
487,37.74735896,-122.3933631,TAZ981999 487
488,37.73796108,-122.3929659,TAZ981999 488
489,37.74510287,-122.3921862,TAZ981999 489
490,37.74744129,-122.3927352,TAZ981999 490
491,37.75026326,-122.387585,TAZ981999 491
492,37.7529203,-122.381266,TAZ981999 492
493,37.74707689,-122.3870249,TAZ981999 493
494,37.74165126,-122.3840507,TAZ981999 494
495,37.73955681,-122.3774203,TAZ981999 495
496,37.74968374,-122.4949693,TAZ981999 496
497,37.74765222,-122.4985835,TAZ981999 497
498,37.74975287,-122.493359,TAZ981999 498
499,37.74998975,-122.4879961,TAZ981999 499
500,37.74902323,-122.4706761,TAZ981999 500
501,37.75058082,-122.4746112,TAZ981999 501
502,37.74711191,-122.4618765,TAZ981999 502
503,37.74751459,-122.4589708,TAZ981999 503
504,37.75161382,-122.4934884,TAZ981999 504
505,37.75185384,-122.4881428,TAZ981999 505
506,37.75214019,-122.4817016,TAZ981999 506
507,37.74850381,-122.4792955,TAZ981999 507
508,37.75214019,-122.4817016,TAZ981999 508
509,37.75348506,-122.4936182,TAZ981999 509
510,37.75372111,-122.4882637,TAZ981999 510
511,37.75400455,-122.4818327,TAZ981999 511
512,37.75204577,-122.4838441,TAZ981999 512
513,37.7547094,-122.4656615,TAZ981999 513
514,37.754874,-122.4681845,TAZ981999 514
515,37.7558241,-122.4830351,TAZ981999 515
516,37.75601364,-122.4787447,TAZ981999 516
517,37.75483689,-122.4614716,TAZ981999 517
518,37.75695033,-122.4540921,TAZ981999 518
519,37.75835234,-122.3951514,TAZ981999 519
520,37.7602492,-122.3924941,TAZ981999 520
521,37.75538988,-122.3880007,TAZ981999 521
522,37.75538988,-122.3880007,TAZ981999 522
523,37.7584194,-122.4709513,TAZ981999 523
524,37.75305378,-122.4687815,TAZ981999 524
525,37.75773127,-122.4820913,TAZ981999 525
526,37.75791929,-122.4778077,TAZ981999 526
527,37.7562022,-122.474463,TAZ981999 527
528,37.75830423,-122.4691318,TAZ981999 528
529,37.75839763,-122.4669925,TAZ981999 529
530,37.75849104,-122.4648516,TAZ981999 530
531,37.75959565,-122.4822206,TAZ981999 531
532,37.75978436,-122.4779369,TAZ981999 532
533,37.75889018,-122.4281261,TAZ981999 533
534,37.75902915,-122.4258427,TAZ981999 534
535,37.75629536,-122.3900771,TAZ981999 535
536,37.75770998,-122.3921336,TAZ981999 536
537,37.76049875,-122.4148416,TAZ981999 537
538,37.76038278,-122.4117056,TAZ981999 538
539,37.75049707,-122.4027246,TAZ981999 539
540,37.75764427,-122.4034647,TAZ981999 540
541,37.76146413,-122.4823517,TAZ981999 541
542,37.76165292,-122.4780628,TAZ981999 542
543,37.76095063,-122.4022035,TAZ981999 543
544,37.76112581,-122.3993033,TAZ981999 544
545,37.75959745,-122.4515789,TAZ981999 545
546,37.76216689,-122.4520962,TAZ981999 546
547,37.76054648,-122.4606847,TAZ981999 547
548,37.76395419,-122.5103318,TAZ981999 548
549,37.74907713,-122.5083639,TAZ981999 549
550,37.74914013,-122.5072862,TAZ981999 550
551,37.75572969,-122.4851759,TAZ981999 551
552,37.76132277,-122.4855676,TAZ981999 552
553,37.7617816,-122.4467835,TAZ981999 553
554,37.76332673,-122.4446631,TAZ981999 554
555,37.76332573,-122.4824827,TAZ981999 555
556,37.7635146,-122.4781902,TAZ981999 556
557,37.76405579,-122.3931741,TAZ981999 557
558,37.76043551,-122.3894852,TAZ981999 558
559,37.76399113,-122.3867141,TAZ981999 559
560,37.76261842,-122.4329494,TAZ981999 560
561,37.76428922,-122.4322801,TAZ981999 561
562,37.76657554,-122.4395024,TAZ981999 562
563,37.7662972,-122.4385556,TAZ981999 563
564,37.76666181,-122.4333314,TAZ981999 564
565,37.76313863,-122.4345598,TAZ981999 565
566,37.76679634,-122.4311151,TAZ981999 566
567,37.76953337,-122.4266843,TAZ981999 567
568,37.76415896,-122.4128582,TAZ981999 568
569,37.76436731,-122.4094103,TAZ981999 569
570,37.76958574,-122.4075876,TAZ981999 570
571,37.76478088,-122.4025628,TAZ981999 571
572,37.76842874,-122.3974103,TAZ981999 572
573,37.77051483,-122.4000226,TAZ981999 573
574,37.77040614,-122.4394605,TAZ981999 574
575,37.77054785,-122.4351836,TAZ981999 575
576,37.77168969,-122.5034729,TAZ981999 576
577,37.77183868,-122.5001998,TAZ981999 577
578,37.77168042,-122.4211097,TAZ981999 578
579,37.77049855,-122.4177363,TAZ981999 579
580,37.76396958,-122.5098322,TAZ981999 580
581,37.76449491,-122.4986871,TAZ981999 581
582,37.77280378,-122.4718573,TAZ981999 582
583,37.77269051,-122.4681151,TAZ981999 583
584,37.77107148,-122.4549325,TAZ981999 584
585,37.77142857,-122.4539799,TAZ981999 585
586,37.77044165,-122.4599008,TAZ981999 586
587,37.77502045,-122.4225977,TAZ981999 587
588,37.77356058,-122.4212846,TAZ981999 588
589,37.76985448,-122.413209,TAZ981999 589
590,37.76693706,-122.4154626,TAZ981999 590
591,37.77163382,-122.4169697,TAZ981999 591
592,37.76364861,-122.4159938,TAZ981999 592
593,37.7728957,-122.4770697,TAZ981999 593
594,37.77304838,-122.4737377,TAZ981999 594
595,37.77281228,-122.4128249,TAZ981999 595
596,37.77542823,-122.41061,TAZ981999 596
597,37.77205185,-122.4106789,TAZ981999 597
598,37.77375975,-122.4085166,TAZ981999 598
599,37.77196271,-122.406344,TAZ981999 599
600,37.77516063,-122.403635,TAZ981999 600
601,37.77379416,-122.4022659,TAZ981999 601
602,37.77449828,-122.4005917,TAZ981999 602
603,37.77266693,-122.4067912,TAZ981999 603
604,37.77305107,-122.4032055,TAZ981999 604
605,37.77305107,-122.4032055,TAZ981999 605
606,37.75712055,-122.4018321,TAZ981999 606
607,37.75730111,-122.3989391,TAZ981999 607
608,37.77560732,-122.4154855,TAZ981999 608
609,37.77437841,-122.4139433,TAZ981999 609
610,37.7754166,-122.4344833,TAZ981999 610
611,37.77354933,-122.4341094,TAZ981999 611
612,37.77477866,-122.4768291,TAZ981999 612
613,37.77492747,-122.4735627,TAZ981999 613
614,37.77771253,-122.4543321,TAZ981999 614
615,37.77559944,-122.448068,TAZ981999 615
616,37.77664361,-122.4769653,TAZ981999 616
617,37.77679243,-122.4736988,TAZ981999 617
618,37.78006908,-122.4204615,TAZ981999 618
619,37.77688353,-122.4229781,TAZ981999 619
620,37.77824076,-122.4141432,TAZ981999 620
621,37.78047849,-122.4125119,TAZ981999 621
622,37.77622105,-122.4116063,TAZ981999 622
623,37.77709249,-122.4105057,TAZ981999 623
624,37.77600896,-122.4908866,TAZ981999 624
625,37.7741433,-122.4907518,TAZ981999 625
626,37.7758734,-122.4089464,TAZ981999 626
627,37.77739967,-122.4070148,TAZ981999 627
628,37.78026495,-122.4033869,TAZ981999 628
629,37.77463751,-122.4074058,TAZ981999 629
630,37.77662016,-122.4048958,TAZ981999 630
631,37.77814916,-122.4029606,TAZ981999 631
632,37.77986194,-122.3895918,TAZ981999 632
633,37.78011183,-122.3879249,TAZ981999 633
634,37.77850516,-122.4770996,TAZ981999 634
635,37.7786533,-122.473833,TAZ981999 635
636,37.779333,-122.4587321,TAZ981999 636
637,37.77425492,-122.4587954,TAZ981999 637
638,37.77692022,-122.4014099,TAZ981999 638
639,37.77997954,-122.3986001,TAZ981999 639
640,37.78089355,-122.3963825,TAZ981999 640
641,37.77966302,-122.3948404,TAZ981999 641
642,37.7779771,-122.3938578,TAZ981999 642
643,37.77956659,-122.39806,TAZ981999 643
644,37.7776982,-122.3957437,TAZ981999 644
645,37.77737187,-122.399762,TAZ981999 645
646,37.78047033,-122.4169469,TAZ981999 646
647,37.77633403,-122.4177572,TAZ981999 647
648,37.78026009,-122.4185992,TAZ981999 648
649,37.77215424,-122.3855546,TAZ981999 649
650,37.77335216,-122.3874128,TAZ981999 650
651,37.76782494,-122.3966527,TAZ981999 651
652,37.77054569,-122.3959882,TAZ981999 652
653,37.77037767,-122.3959727,TAZ981999 653
654,37.77438246,-122.3915371,TAZ981999 654
655,37.77655832,-122.3873068,TAZ981999 655
656,37.7701033,-122.3985289,TAZ981999 656
657,37.77518378,-122.392558,TAZ981999 657
658,37.77709037,-122.4513464,TAZ981999 658
659,37.78049273,-122.4518684,TAZ981999 659
660,37.77989045,-122.4890128,TAZ981999 660
661,37.7800924,-122.4847317,TAZ981999 661
662,37.78123521,-122.4413388,TAZ981999 662
663,37.77883632,-122.4453461,TAZ981999 663
664,37.78121747,-122.4001493,TAZ981999 664
665,37.78213102,-122.3979196,TAZ981999 665
666,37.78139808,-122.4092459,TAZ981999 666
667,37.78219061,-122.4071637,TAZ981999 667
668,37.78130581,-122.4062481,TAZ981999 668
669,37.77886059,-122.4082722,TAZ981999 669
670,37.78152042,-122.4391139,TAZ981999 670
671,37.77965935,-122.43874,TAZ981999 671
672,37.78245266,-122.4016969,TAZ981999 672
673,37.78421379,-122.3994594,TAZ981999 673
674,37.78182532,-122.4891563,TAZ981999 674
675,37.77979573,-122.4911664,TAZ981999 675
676,37.7801952,-122.4824174,TAZ981999 676
677,37.78033479,-122.4793824,TAZ981999 677
678,37.78342154,-122.409124,TAZ981999 678
679,37.78346583,-122.4087281,TAZ981999 679
680,37.78184774,-122.4290406,TAZ981999 680
681,37.78294178,-122.4242027,TAZ981999 681
682,37.78461523,-122.4233254,TAZ981999 682
683,37.78006908,-122.4204615,TAZ981999 683
684,37.78447891,-122.4042667,TAZ981999 684
685,37.7828307,-122.4032502,TAZ981999 685
686,37.78429297,-122.4501339,TAZ981999 686
687,37.78236578,-122.4481122,TAZ981999 687
688,37.778051,-122.515258,TAZ981999 688
689,37.77512754,-122.5101688,TAZ981999 689
690,37.78554229,-122.3967054,TAZ981999 690
691,37.78387955,-122.3957058,TAZ981999 691
692,37.78307783,-122.3936175,TAZ981999 692
693,37.78142316,-122.3926132,TAZ981999 693
694,37.77927742,-122.3922107,TAZ981999 694
695,37.78494369,-122.4347298,TAZ981999 695
696,37.78435471,-122.4329146,TAZ981999 696
697,37.7839289,-122.4568129,TAZ981999 697
698,37.78136629,-122.4566312,TAZ981999 698
699,37.7861008,-122.4180873,TAZ981999 699
700,37.78423566,-122.4177069,TAZ981999 700
701,37.78516711,-122.4179022,TAZ981999 701
702,37.78484245,-122.4129046,TAZ981999 702
703,37.78538841,-122.4086667,TAZ981999 703
704,37.78624708,-122.4093291,TAZ981999 704
705,37.78493796,-122.4281206,TAZ981999 705
706,37.78533467,-122.424687,TAZ981999 706
707,37.78652015,-122.4148065,TAZ981999 707
708,37.78544988,-122.4156736,TAZ981999 708
709,37.78726201,-122.4467921,TAZ981999 709
710,37.78575887,-122.4433711,TAZ981999 710
711,37.78589306,-122.4121477,TAZ981999 711
712,37.78683419,-122.4123398,TAZ981999 712
713,37.78735955,-122.4082276,TAZ981999 713
714,37.78617941,-122.4400611,TAZ981999 714
715,37.78524719,-122.4398723,TAZ981999 715
716,37.7873126,-122.4841286,TAZ981999 716
717,37.78724751,-122.4733173,TAZ981999 717
718,37.78641779,-122.4534069,TAZ981999 718
719,37.78761652,-122.488427,TAZ981999 719
720,37.78636399,-122.4902539,TAZ981999 720
721,37.78813073,-122.4669425,TAZ981999 721
722,37.78452453,-122.4709813,TAZ981999 722
723,37.78922031,-122.3851485,TAZ981999 723
724,37.78468543,-122.3884807,TAZ981999 724
725,37.78504417,-122.3881645,TAZ981999 725
726,37.78361155,-122.389843,TAZ981999 726
727,37.7809646,-122.3900767,TAZ981999 727
728,37.78499411,-122.4645715,TAZ981999 728
729,37.78101866,-122.4642795,TAZ981999 729
730,37.7863786,-122.3956451,TAZ981999 730
731,37.78799438,-122.3935992,TAZ981999 731
732,37.78502752,-122.3942539,TAZ981999 732
733,37.78766377,-122.4133546,TAZ981999 733
734,37.78880766,-122.4118853,TAZ981999 734
735,37.78922561,-122.4085957,TAZ981999 735
736,37.7881967,-122.4091594,TAZ981999 736
737,37.78762713,-122.4937768,TAZ981999 737
738,37.78203694,-122.5107677,TAZ981999 738
739,37.78639715,-122.4939411,TAZ981999 739
740,37.78898103,-122.3985637,TAZ981999 740
741,37.78755834,-122.3972709,TAZ981999 741
742,37.78745067,-122.4005027,TAZ981999 742
743,37.78620962,-122.3989774,TAZ981999 743
744,37.78667833,-122.4025752,TAZ981999 744
745,37.78624837,-122.402026,TAZ981999 745
746,37.79036632,-122.4071487,TAZ981999 746
747,37.78943342,-122.4069569,TAZ981999 747
748,37.78849972,-122.406772,TAZ981999 748
749,37.78756802,-122.4065906,TAZ981999 749
750,37.78575135,-122.4062255,TAZ981999 750
751,37.78496777,-122.4068215,TAZ981999 751
752,37.79046517,-122.4055798,TAZ981999 752
753,37.7891607,-122.4053058,TAZ981999 753
754,37.78823026,-122.4051313,TAZ981999 754
755,37.78999716,-122.457499,TAZ981999 755
756,37.789308,-122.4523026,TAZ981999 756
757,37.78755174,-122.4519466,TAZ981999 757
758,37.7907763,-122.4859363,TAZ981999 758
759,37.78638191,-122.4920802,TAZ981999 759
760,37.79046337,-122.4139165,TAZ981999 760
761,37.79088074,-122.4106234,TAZ981999 761
762,37.79128398,-122.3894342,TAZ981999 762
763,37.79097812,-122.3888086,TAZ981999 763
764,37.79006994,-122.3909714,TAZ981999 764
765,37.78883796,-122.3894291,TAZ981999 765
766,37.78813422,-122.3903198,TAZ981999 766
767,37.78676523,-122.3920536,TAZ981999 767
769,37.79087417,-122.4258015,TAZ981999 768
770,37.78981829,-122.4266654,TAZ981999 769
771,37.79162694,-122.4124615,TAZ981999 770
772,37.79183489,-122.4108175,TAZ981999 771
773,37.79171625,-122.398265,TAZ981999 772
774,37.7924055,-122.3973826,TAZ981999 773
775,37.79309744,-122.3965038,TAZ981999 774
776,37.79377909,-122.3956229,TAZ981999 775
777,37.79447988,-122.3947477,TAZ981999 776
778,37.79376885,-122.3924986,TAZ981999 777
779,37.7932305,-122.3931807,TAZ981999 778
780,37.79253721,-122.3940595,TAZ981999 779
781,37.79184183,-122.39494,TAZ981999 780
782,37.79323392,-122.4072864,TAZ981999 781
783,37.79230833,-122.4070671,TAZ981999 782
784,37.79065762,-122.4055692,TAZ981999 783
785,37.79149814,-122.4057413,TAZ981999 784
786,37.79071358,-122.4044006,TAZ981999 785
787,37.79285096,-122.4027662,TAZ981999 786
788,37.79285096,-122.4027662,TAZ981999 787
789,37.79092538,-122.4027238,TAZ981999 788
790,37.7930601,-122.4011257,TAZ981999 789
791,37.79194679,-122.4021979,TAZ981999 790
792,37.79504375,-122.4072671,TAZ981999 791
793,37.79413989,-122.4072751,TAZ981999 792
794,37.79205375,-122.4378452,TAZ981999 793
795,37.79141826,-122.4428269,TAZ981999 794
796,37.79322452,-122.4431927,TAZ981999 795
797,37.79655484,-122.4024025,TAZ981999 796
798,37.79571913,-122.4016766,TAZ981999 797
799,37.7964177,-122.4034963,TAZ981999 798
800,37.79506655,-122.4032211,TAZ981999 799
801,37.79364663,-122.4040155,TAZ981999 800
802,37.79571913,-122.4016766,TAZ981999 801
803,37.7938837,-122.4021333,TAZ981999 802
804,37.7949607,-122.4004595,TAZ981999 803
805,37.79458035,-122.4002403,TAZ981999 804
806,37.79377909,-122.3956229,TAZ981999 805
807,37.79498737,-122.3941497,TAZ981999 806
809,37.79493768,-122.3942073,TAZ981999 807
810,37.79504965,-122.3966834,TAZ981999 808
811,37.79489015,-122.3978892,TAZ981999 809
812,37.79473598,-122.3990622,TAZ981999 810
813,37.79634659,-122.3969572,TAZ981999 811
814,37.79845492,-122.3968656,TAZ981999 812
815,37.79874243,-122.4375143,TAZ981999 813
816,37.79594917,-122.4369499,TAZ981999 814
817,37.8006239,-122.4227137,TAZ981999 815
818,37.79990245,-122.4208827,TAZ981999 816
819,37.80025982,-122.432761,TAZ981999 817
820,37.79843914,-122.4323934,TAZ981999 818
821,37.80309807,-122.4031604,TAZ981999 819
822,37.80466468,-122.4059546,TAZ981999 820
823,37.80375609,-122.4052355,TAZ981999 821
824,37.80040318,-122.439505,TAZ981999 822
825,37.80068389,-122.4373001,TAZ981999 823
826,37.79872925,-122.399874,TAZ981999 824
827,37.80045879,-122.4014276,TAZ981999 825
828,37.80257069,-122.4005193,TAZ981999 826
829,37.80309807,-122.4031604,TAZ981999 827
830,37.79888077,-122.3986957,TAZ981999 828
831,37.80163059,-122.4149504,TAZ981999 829
832,37.80354226,-122.4148768,TAZ981999 830
833,37.80380727,-122.4128497,TAZ981999 831
834,37.80453506,-122.4066247,TAZ981999 832
835,37.80497029,-122.4035304,TAZ981999 833
836,37.80447314,-122.4225364,TAZ981999 834
837,37.80269524,-122.4214812,TAZ981999 835
838,37.80738097,-122.4410946,TAZ981999 836
839,37.80769158,-122.4358592,TAZ981999 837
840,37.80770447,-122.4432601,TAZ981999 838
841,37.80178729,-122.4466104,TAZ981999 839
842,37.80277398,-122.4434132,TAZ981999 840
843,37.78726201,-122.4467921,TAZ981999 841
844,37.8087048,-122.4280436,TAZ981999 842
845,37.8052,-122.4320985,TAZ981999 843
846,37.80847972,-122.4325647,TAZ981999 844
847,37.81064902,-122.4243375,TAZ981999 845
848,37.80302118,-122.4190507,TAZ981999 846
849,37.80106202,-122.4194258,TAZ981999 847
850,37.80499917,-122.4185306,TAZ981999 848
851,37.80928481,-122.4185011,TAZ981999 849
852,37.80769019,-122.41233,TAZ981999 850
853,37.80613207,-122.4094873,TAZ981999 851
854,37.80742111,-122.407277,TAZ981999 852
855,37.80944388,-122.4096729,TAZ981999 853
856,37.79145188,-122.4759419,TAZ981999 854
857,37.78962269,-122.4819087,TAZ981999 855
858,37.78724719,-122.4733194,TAZ981999 856
859,37.79496989,-122.4691835,TAZ981999 857
860,37.80094123,-122.4694421,TAZ981999 858
861,37.79548336,-122.4625356,TAZ981999 859
862,37.79655781,-122.4516399,TAZ981999 860
863,37.79966199,-122.4780092,TAZ981999 861
864,37.80014733,-122.4731824,TAZ981999 862
865,37.81465709,-122.3705284,TAZ981999 863
866,37.81590098,-122.3710531,TAZ981999 864
867,37.82088527,-122.3635697,TAZ981999 865
868,37.82287241,-122.3653593,TAZ981999 866
869,37.82792293,-122.3776262,TAZ981999 867
870,37.8252684,-122.3699543,TAZ981999 868
871,37.82864775,-122.3712948,TAZ981999 869
872,37.82154523,-122.3709374,TAZ981999 870
873,37.70822821,-122.452355,TAZ981999 871
874,37.7099346,-122.4430002,TAZ981999 872
875,37.71211391,-122.4012581,TAZ981999 873
876,37.70836198,-122.405102,TAZ981999 874
877,37.70829591,-122.4323425,TAZ981999 875
878,37.7129505,-122.4328525,TAZ981999 876
879,37.7128697,-122.3879752,TAZ981999 877
880,37.7084098,-122.3951143,TAZ981999 878
881,37.7128697,-122.3879752,TAZ981999 879
882,37.71609108,-122.3844022,TAZ981999 880
883,37.71439261,-122.4763297,TAZ981999 881
884,37.7145257,-122.4818555,TAZ981999 882
885,37.71967208,-122.4671521,TAZ981999 883
886,37.71789408,-122.4689413,TAZ981999 884
887,37.72105715,-122.4752222,TAZ981999 885
888,37.72044281,-122.4752249,TAZ981999 886
889,37.71973992,-122.3924189,TAZ981999 887
890,37.7187604,-122.3876616,TAZ981999 888
891,37.71840734,-122.3851577,TAZ981999 889
892,37.72358265,-122.3861379,TAZ981999 890
893,37.71102164,-122.4264903,TAZ981999 891
894,37.72445412,-122.4208608,TAZ981999 892
895,37.7192149,-122.4066648,TAZ981999 893
896,37.72222506,-122.3901824,TAZ981999 894
897,37.7241001,-122.3884958,TAZ981999 895
898,37.72480658,-122.4721591,TAZ981999 896
899,37.71791518,-122.4725036,TAZ981999 897
900,37.72505479,-122.4134685,TAZ981999 898
901,37.72317291,-122.4104996,TAZ981999 899
902,37.7259321,-122.378392,TAZ981999 900
903,37.72342903,-122.3806268,TAZ981999 901
904,37.72548925,-122.3844278,TAZ981999 902
905,37.71580161,-122.3986025,TAZ981999 903
906,37.7279576,-122.4019556,TAZ981999 904
907,37.72773344,-122.3932328,TAZ981999 905
908,37.72873949,-122.4600029,TAZ981999 906
909,37.73074926,-122.4594852,TAZ981999 907
910,37.7279642,-122.4363712,TAZ981999 908
911,37.7279572,-122.4407616,TAZ981999 909
912,37.72693999,-122.4414371,TAZ981999 910
913,37.72922112,-122.4682073,TAZ981999 911
914,37.72282548,-122.469276,TAZ981999 912
915,37.72884848,-122.4552416,TAZ981999 913
916,37.73153069,-122.4534116,TAZ981999 914
917,37.72392127,-122.4849021,TAZ981999 915
918,37.72929256,-122.4857218,TAZ981999 916
919,37.77031878,-122.4607644,TAZ981999 917
920,37.76894847,-122.4687322,TAZ981999 918
921,37.77259486,-122.4416649,TAZ981999 919
922,37.77113076,-122.5110504,TAZ981999 920
923,37.76647634,-122.4529967,TAZ981999 921
924,37.77696253,-122.3905805,TAZ981999 922
925,37.77594145,-122.3979691,TAZ981999 923
926,37.77704188,-122.3904718,TAZ981999 924
927,37.77071853,-122.3928441,TAZ981999 925
928,37.77212384,-122.3965254,TAZ981999 926
929,37.76673982,-122.391853,TAZ981999 927
930,37.786905,-122.4048689,TAZ981999 928
931,37.78680986,-122.4048491,TAZ981999 929
932,37.78982919,-122.4038415,TAZ981999 930
933,37.78936306,-122.4037464,TAZ981999 931
934,37.78842699,-122.4035805,TAZ981999 932
935,37.78796281,-122.4034925,TAZ981999 933
936,37.78999522,-122.4025321,TAZ981999 934
937,37.78910287,-122.401997,TAZ981999 935
938,37.78808562,-122.4029037,TAZ981999 936
939,37.78897036,-122.4017495,TAZ981999 937
940,37.79117708,-122.4007434,TAZ981999 938
941,37.79132494,-122.3994942,TAZ981999 939
942,37.78992624,-122.3942767,TAZ981999 940
943,37.78966049,-122.3956857,TAZ981999 941
944,37.79111519,-122.4012325,TAZ981999 942
945,37.79369328,-122.4000584,TAZ981999 943
946,37.79320936,-122.3999595,TAZ981999 944
947,37.79225797,-122.3997638,TAZ981999 945
948,37.79384343,-122.3988801,TAZ981999 946
949,37.79335882,-122.3987812,TAZ981999 947
950,37.79188924,-122.3984823,TAZ981999 948
951,37.79443429,-122.3977962,TAZ981999 949
952,37.79350887,-122.3976081,TAZ981999 950
953,37.79254081,-122.3975522,TAZ981999 951
954,37.79458838,-122.3965851,TAZ981999 952
955,37.79366375,-122.3963902,TAZ981999 953
956,37.79795741,-122.3985076,TAZ981999 954
957,37.79724329,-122.3971376,TAZ981999 955
959,37.79652949,-122.4642017,TAZ981999 956
960,37.80169136,-122.4627562,TAZ981999 957
961,37.80179296,-122.4641012,TAZ981999 958
962,37.7997978,-122.4574822,TAZ981999 959
963,37.7972917,-122.4565437,TAZ981999 960
964,37.80177168,-122.4488031,TAZ981999 961
965,37.80153839,-122.4498931,TAZ981999 962
966,37.80400785,-122.449125,TAZ981999 963
967,37.80260423,-122.4577448,TAZ981999 964
968,37.80530447,-122.4684154,TAZ981999 965
969,37.80444082,-122.475642,TAZ981999 966
970,37.79884625,-122.4690161,TAZ981999 967
971,37.80340254,-122.4528377,TAZ981999 968
972,37.8064929,-122.4715945,TAZ981999 969
973,37.80681991,-122.4490482,TAZ981999 970
974,37.8090205,-122.4771263,TAZ981999 971
975,37.79932539,-122.4784243,TAZ981999 972
976,37.7978493,-122.4472099,TAZ981999 973
977,37.79362369,-122.4548851,TAZ981999 974
978,37.79733836,-122.4617945,TAZ981999 975
979,37.79689615,-122.4570993,TAZ981999 976
980,37.81102534,-122.4773148,TAZ981999 977
768,37.78370188,-122.3943983,TAZ981999 978
981,37.78483294,-122.3913305,TAZ981999 979
808,37.79605519,-122.3951774,TAZ981999 980
958,37.79687543,-122.3945181,TAZ981999 981
